model_name,sample_size,train_runtime,train_samples_per_second,train_steps_per_second,total_flos,train_loss,epoch,train_peak_memory_gb,eval_in_loss,eval_in_accuracy,eval_in_runtime,eval_in_samples_per_second,eval_in_steps_per_second,eval_in_peak_memory_gb,eval_out_loss,eval_out_accuracy,eval_out_runtime,eval_out_samples_per_second,eval_out_steps_per_second,eval_out_peak_memory_gb
opt-125m,2,131.2341,0.61,0.305,20903740047360.0,0.07343715172901284,40.0,2.499678611755371,1.0867196321487427,0.6,3.4487,2.9,0.58,1.558293342590332,0.5852086544036865,0.7,2.9848,3.35,0.67,1.558293342590332
opt-125m,4,171.2438,0.934,0.234,41807480094720.0,0.062327027811625156,40.0,3.5676145553588867,1.7668994665145874,0.5,3.1321,3.193,0.639,1.5686578750610352,0.9107545614242554,0.5,3.1426,3.182,0.636,1.5686578750610352
opt-350m,2,1312.0232,0.061,0.03,74553501941760.0,0.07981272615862353,40.0,6.496771812438965,3.2781825065612793,0.5,17.3656,0.576,0.115,3.9885473251342773,0.9258222579956055,0.7,17.5442,0.57,0.114,3.9885473251342773
opt-350m,4,2530.9749,0.063,0.016,149107003883520.0,0.07161233774001605,40.0,9.236151695251465,3.2846152782440186,0.5,25.1355,0.398,0.08,3.989272117614746,1.0600287914276123,0.3,25.0564,0.399,0.08,3.989272117614746
