model_name,sample_size,train_runtime,train_samples_per_second,train_steps_per_second,total_flos,train_loss,epoch,train_peak_memory_gb,eval_in_loss,eval_in_accuracy,eval_in_runtime,eval_in_samples_per_second,eval_in_steps_per_second,eval_in_peak_memory_gb,eval_out_loss,eval_out_accuracy,eval_out_runtime,eval_out_samples_per_second,eval_out_steps_per_second,eval_out_peak_memory_gb
opt-125m,2,220.8174,0.362,0.181,20903740047360.0,0.07343715172901284,40.0,3.7395753860473633,1.0867196321487427,0.6,3.0859,3.241,0.648,2.795626640319824,0.5852086544036865,0.7,3.0932,3.233,0.647,2.795626640319824
opt-125m,4,206.044,0.777,0.194,41807480094720.0,0.062327027811625156,40.0,4.809170722961426,1.7668994665145874,0.5,3.1643,3.16,0.632,2.809414863586426,0.9107545614242554,0.5,3.1387,3.186,0.637,2.809414863586426
opt-350m,2,1728.0197,0.046,0.023,74553501941760.0,0.07981272615862353,40.0,7.733736991882324,3.2781825065612793,0.5,27.4648,0.364,0.073,5.225518226623535,0.9258222579956055,0.7,27.4428,0.364,0.073,5.225518226623535
opt-350m,4,2758.2322,0.058,0.015,149107003883520.0,0.07161233774001605,40.0,10.472392082214355,3.2846152782440186,0.5,32.6333,0.306,0.061,5.225512504577637,1.0600287914276123,0.3,32.8994,0.304,0.061,5.225512504577637
