model_name,sample_size,eval_in_loss,eval_in_accuracy,eval_in_runtime,eval_in_samples_per_second,eval_out_loss,eval_out_accuracy,eval_out_runtime,eval_out_samples_per_second
opt-125m,2,0.6791815221309662,0.6,24.68909502029419,0.40503712233194855,0.7132616460323333,0.6,1.5851750373840332,6.308451599454089
opt-125m,4,0.7032044142484665,0.6,2.492574691772461,4.0119158848110725,0.5791815251111985,0.7,2.063474416732788,4.846195290287896
opt-350m,2,0.7171700745820999,0.5,27.232613801956177,0.36720676438637256,0.7512501984834671,0.5,51.375365257263184,0.19464581808664128
opt-350m,4,0.8032044112682343,0.4,91.33352041244507,0.1094888268276737,0.7132616460323333,0.6,88.47102499008179,0.11303135688911786
