model_name,sample_size,train_runtime,train_samples_per_second,train_steps_per_second,total_flos,train_loss,epoch,train_peak_memory_gb,eval_in_loss,eval_in_accuracy,eval_in_runtime,eval_in_samples_per_second,eval_in_steps_per_second,eval_in_peak_memory_gb,eval_out_loss,eval_out_accuracy,eval_out_runtime,eval_out_samples_per_second,eval_out_steps_per_second,eval_out_peak_memory_gb
opt-125m,2,187.7787,0.426,0.213,20903740047360.0,0.07343715172901284,40.0,3.4616479873657227,1.0857309103012085,0.5,3.8863,2.573,0.515,2.5209951400756836,0.8403142690658569,0.4,3.907,2.56,0.512,2.5209951400756836
opt-125m,2,166.2277,0.481,0.241,20903740047360.0,0.06406987716422918,40.0,3.472628593444824,3.446619749069214,0.5,3.9824,2.511,0.502,2.530266761779785,2.8193764686584473,0.5,3.9826,2.511,0.502,2.530266761779785
opt-125m,4,178.5876,0.896,0.224,41807480094720.0,0.08447666069696425,40.0,4.534228324890137,2.2439846992492676,0.5,3.9048,2.561,0.512,2.534661293029785,1.4888360500335693,0.5,3.9507,2.531,0.506,2.534661293029785
opt-125m,4,199.6453,0.801,0.2,41807480094720.0,0.09594224717934594,40.0,4.534228324890137,4.511137962341309,0.5,3.9564,2.528,0.506,2.534661293029785,3.733358860015869,0.5,3.8695,2.584,0.517,2.534661293029785
