model_name,sample_size,eval_in_loss,eval_in_accuracy,eval_in_runtime,eval_in_samples_per_second,eval_in_peak_memory_gb,eval_out_loss,eval_out_accuracy,eval_out_runtime,eval_out_samples_per_second,eval_out_peak_memory_gb
opt-125m,50,0.7644341731071472,0.54,3.888349771499634,12.858925492373162,5.141769886016846,0.7452158594131469,0.5,3.6944100856781006,13.533960453884646,5.140891075134277
opt-350m,50,0.7520318841934204,0.56,45.67260932922363,1.0947480499654196,8.716383934020996,0.6991815215349197,0.52,48.564321517944336,1.0295624120173323,8.716383934020996
