model_name,sample_size,eval_in_loss,eval_in_accuracy,eval_in_runtime,eval_in_samples_per_second,eval_in_peak_memory_gb,eval_out_loss,eval_out_accuracy,eval_out_runtime,eval_out_samples_per_second,eval_out_peak_memory_gb
opt-125m,50,0.7644341731071472,0.54,6.12338399887085,8.16541964528437,3.7091569900512695,0.7452158594131469,0.5,3.7460756301879883,13.347301265642324,3.7091569900512695
opt-350m,50,0.7520318841934204,0.56,30.35247540473938,1.6473121000270299,7.291062355041504,0.6991815215349197,0.52,23.459200859069824,2.1313599001250267,7.291062355041504
