model_name,sample_size,eval_in_loss,eval_in_accuracy,eval_in_runtime,eval_in_samples_per_second,eval_in_peak_memory_gb,eval_out_loss,eval_out_accuracy,eval_out_runtime,eval_out_samples_per_second,eval_out_peak_memory_gb
opt-125m,50,0.7644341731071472,0.54,63.16033887863159,0.7916360312138224,3.7091569900512695,0.7452158594131469,0.5,26.87384033203125,1.860545399624348,3.7091569900512695
opt-350m,50,0.7520318841934204,0.56,600.9849765300751,0.08319675524783747,7.291062355041504,0.6991815215349197,0.52,591.9345364570618,0.0844688000454708,7.291062355041504
